-- MySQL Script generated by MySQL Workbench
-- Sat May 19 02:39:50 2018
-- Model: New Model    Version: 1.0
-- MySQL Workbench Forward Engineering

SET @OLD_UNIQUE_CHECKS=@@UNIQUE_CHECKS, UNIQUE_CHECKS=0;
SET @OLD_FOREIGN_KEY_CHECKS=@@FOREIGN_KEY_CHECKS, FOREIGN_KEY_CHECKS=0;
SET @OLD_SQL_MODE=@@SQL_MODE, SQL_MODE='TRADITIONAL,ALLOW_INVALID_DATES';

-- -----------------------------------------------------
-- Schema home_finance
-- -----------------------------------------------------

-- -----------------------------------------------------
-- Schema home_finance
-- -----------------------------------------------------
CREATE SCHEMA IF NOT EXISTS `home_finance` DEFAULT CHARACTER SET utf8 ;
USE `home_finance` ;

-- -----------------------------------------------------
-- Table `home_finance`.`currency_tbl`
-- -----------------------------------------------------
DROP TABLE IF EXISTS `home_finance`.`currency_tbl` ;

CREATE TABLE IF NOT EXISTS `home_finance`.`currency_tbl` (
  `id` INT NOT NULL AUTO_INCREMENT,
  `name` VARCHAR(100) NULL,
  `code` VARCHAR(5) NULL,
  `symbol` VARCHAR(5) NULL,
  PRIMARY KEY (`id`))
ENGINE = InnoDB;


-- -----------------------------------------------------
-- Table `home_finance`.`category_tbl`
-- -----------------------------------------------------
DROP TABLE IF EXISTS `home_finance`.`category_tbl` ;

CREATE TABLE IF NOT EXISTS `home_finance`.`category_tbl` (
  `id` INT NOT NULL AUTO_INCREMENT,
  `name` VARCHAR(45) NULL,
  `parent` INT NULL,
  PRIMARY KEY (`id`))
ENGINE = InnoDB;


-- -----------------------------------------------------
-- Table `home_finance`.`account_tbl`
-- -----------------------------------------------------
DROP TABLE IF EXISTS `home_finance`.`account_tbl` ;

CREATE TABLE IF NOT EXISTS `home_finance`.`account_tbl` (
  `id` INT NOT NULL AUTO_INCREMENT,
  `name` VARCHAR(45) NULL,
  `account_type` ENUM('CASH', 'DEBIT_CARD', 'CREDIT_CARD', 'DEPOSIT') NULL,
  `currency` INT NULL,
  `amount` DECIMAL(12,2) NULL,
  PRIMARY KEY (`id`),
  INDEX `currency_idx` (`currency` ASC),
  CONSTRAINT `account_currency_fk`
    FOREIGN KEY (`currency`)
    REFERENCES `home_finance`.`currency_tbl` (`id`)
    ON DELETE CASCADE
    ON UPDATE CASCADE)
ENGINE = InnoDB;


-- -----------------------------------------------------
-- Table `home_finance`.`transaction_tbl`
-- -----------------------------------------------------
DROP TABLE IF EXISTS `home_finance`.`transaction_tbl` ;

CREATE TABLE IF NOT EXISTS `home_finance`.`transaction_tbl` (
  `id` INT NOT NULL AUTO_INCREMENT,
  `amount` DECIMAL NULL,
  `datetime` DATETIME NULL,
  `account` INT NULL,
  `category` INT NULL,
  `transaction_type` ENUM('EXPENSE', 'INCOME') NOT NULL,
  `tags` VARCHAR(1024) NULL,
  PRIMARY KEY (`id`),
  INDEX `accId_idx` (`account` ASC),
  INDEX `transaction_category_fk_idx` (`category` ASC),
  CONSTRAINT `transaction_account_fk`
    FOREIGN KEY (`account`)
    REFERENCES `home_finance`.`account_tbl` (`id`)
    ON DELETE CASCADE
    ON UPDATE CASCADE,
  CONSTRAINT `transaction_category_fk`
    FOREIGN KEY (`category`)
    REFERENCES `home_finance`.`category_tbl` (`id`)
    ON DELETE CASCADE
    ON UPDATE CASCADE)
ENGINE = InnoDB;


SET SQL_MODE=@OLD_SQL_MODE;
SET FOREIGN_KEY_CHECKS=@OLD_FOREIGN_KEY_CHECKS;
SET UNIQUE_CHECKS=@OLD_UNIQUE_CHECKS;

-- -----------------------------------------------------
-- Data for table `home_finance`.`currency_tbl`
-- -----------------------------------------------------
START TRANSACTION;
USE `home_finance`;
INSERT INTO `home_finance`.`currency_tbl` (`id`, `name`, `code`, `symbol`) VALUES (1, 'Российский рубль', 'RUB', 'руб.');
INSERT INTO `home_finance`.`currency_tbl` (`id`, `name`, `code`, `symbol`) VALUES (2, 'Доллар США', 'USD', '$');

COMMIT;


-- -----------------------------------------------------
-- Data for table `home_finance`.`category_tbl`
-- -----------------------------------------------------
START TRANSACTION;
USE `home_finance`;
INSERT INTO `home_finance`.`category_tbl` (`id`, `name`, `parent`) VALUES (1, 'Зарплата', NULL);
INSERT INTO `home_finance`.`category_tbl` (`id`, `name`, `parent`) VALUES (2, 'Дом', NULL);
INSERT INTO `home_finance`.`category_tbl` (`id`, `name`, `parent`) VALUES (3, 'Транспорт', NULL);
INSERT INTO `home_finance`.`category_tbl` (`id`, `name`, `parent`) VALUES (4, 'Еда', NULL);
INSERT INTO `home_finance`.`category_tbl` (`id`, `name`, `parent`) VALUES (5, 'Хобби', NULL);
INSERT INTO `home_finance`.`category_tbl` (`id`, `name`, `parent`) VALUES (6, 'Авто', 3);

COMMIT;


-- -----------------------------------------------------
-- Data for table `home_finance`.`account_tbl`
-- -----------------------------------------------------
START TRANSACTION;
USE `home_finance`;
INSERT INTO `home_finance`.`account_tbl` (`id`, `name`, `account_type`, `currency`, `amount`) VALUES (1, 'Sberbank', '2', 1, 50000);
INSERT INTO `home_finance`.`account_tbl` (`id`, `name`, `account_type`, `currency`, `amount`) VALUES (2, 'Cash', '1', 1, 30000);

COMMIT;


-- -----------------------------------------------------
-- Data for table `home_finance`.`transaction_tbl`
-- -----------------------------------------------------
START TRANSACTION;
USE `home_finance`;
INSERT INTO `home_finance`.`transaction_tbl` (`id`, `amount`, `datetime`, `account`, `category`, `transaction_type`, `tags`) VALUES (1, 50000, '2018-02-02', 1, 1, '1', '#зарплата, #январь');
INSERT INTO `home_finance`.`transaction_tbl` (`id`, `amount`, `datetime`, `account`, `category`, `transaction_type`, `tags`) VALUES (2, 35000, '2018-02-05', 1, 1, '1', NULL);
INSERT INTO `home_finance`.`transaction_tbl` (`id`, `amount`, `datetime`, `account`, `category`, `transaction_type`, `tags`) VALUES (3, 25000, '2018-04-03', 2, 1, '1', NULL);
INSERT INTO `home_finance`.`transaction_tbl` (`id`, `amount`, `datetime`, `account`, `category`, `transaction_type`, `tags`) VALUES (4, 15000, '2018-04-10', 2, 1, '1', NULL);
INSERT INTO `home_finance`.`transaction_tbl` (`id`, `amount`, `datetime`, `account`, `category`, `transaction_type`, `tags`) VALUES (5, 4200, '2018-02-10', 1, 2, '2', NULL);
INSERT INTO `home_finance`.`transaction_tbl` (`id`, `amount`, `datetime`, `account`, `category`, `transaction_type`, `tags`) VALUES (6, 1500, '2018-04-10', 2, 3, '2', NULL);

COMMIT;

